temp,rhum,prcp,snwd,wdir,wspd,wpgt,pres,tsun,cldc,coco,time
17.6,66,0.0,0,210,10.0,33.3,1012.2,0,8,3,2026-05-17 01:00:00
17.8,70,0.0,0,240,22.0,33.3,1012.2,0,2,3,2026-05-17 02:00:00
17.8,74,0.0,0,260,37.0,26.0,1012.2,0,2,3,2026-05-17 03:00:00
16.7,80,0.0,0,260,30.0,33.3,1012.2,0,4,3,2026-05-17 04:00:00
16.1,82,0.0,0,250,23.0,19.0,1012.2,0,2,2,2026-05-17 05:00:00
15.5,85,0.0,0,240,16.0,16.0,1012.2,0,2,2,2026-05-17 06:00:00
14.9,87,0.0,0,240,15.0,33.3,1012.2,0,2,2,2026-05-17 07:00:00
14.6,87,0.0,0,260,14.0,33.3,1012.2,0,4,2,2026-05-17 08:00:00
13.8,89,0.0,0,260,9.0,33.3,1012.2,0,4,2,2026-05-17 09:00:00
14.3,87,0.0,0,260,17.0,25.9,1012.2,0,4,2,2026-05-17 10:00:00
14.9,84,0.0,0,280,13.0,27.8,1012.2,0,2,2,2026-05-17 11:00:00
15.8,74,0.0,0,290,16.0,29.6,1012.2,0,4,2,2026-05-17 12:00:00
18.2,55,0.0,0,310,23.0,29.6,1012.2,0,4,2,2026-05-17 13:00:00
19.1,43,0.0,0,340,23.0,17.0,1012.2,0,2,2,2026-05-17 14:00:00
20.1,41,0.0,0,320,16.0,15.0,1012.2,0,2,2,2026-05-17 15:00:00
20.9,36,0.0,0,290,21.0,33.3,1012.2,0,2,2,2026-05-17 16:00:00
22.0,37,0.0,0,300,15.0,35.2,1012.2,0,2,2,2026-05-17 17:00:00
21.9,34,0.0,0,310,15.0,16.0,1012.2,0,2,2,2026-05-17 18:00:00
22.8,31,0.0,0,300,20.0,17.0,1012.2,0,2,2,2026-05-17 19:00:00
22.8,33,0.0,0,340,9.0,15.0,1012.2,0,2,2,2026-05-17 20:00:00
23.6,30,0.0,0,310,23.0,20.0,1012.2,0,2,2,2026-05-17 21:00:00
23.1,30,0.0,0,340,20.0,33.3,1012.2,0,2,2,2026-05-17 22:00:00
22.3,31,0.0,0,360,18.0,35.2,1012.2,0,6,2,2026-05-17 23:00:00
20.8,35,0.0,0,20,14.0,37.0,1012.2,0,2,2,2026-05-18 00:00:00
18.6,42,0.0,0,10,10.0,37.0,1012.2,0,2,2,2026-05-18 01:00:00
17.8,43,0.0,0,70,22.0,37.0,1012.2,0,6,1,2026-05-18 02:00:00
17.1,42,0.0,0,70,18.0,37.0,1012.2,0,8,1,2026-05-18 03:00:00
16.2,42,0.0,0,70,17.0,31.5,1012.2,0,8,2,2026-05-18 04:00:00
15.5,41,0.0,0,70,22.0,33.3,1012.2,0,2,2,2026-05-18 05:00:00
14.8,42,0.0,0,60,17.0,17.0,1012.2,0,2,2,2026-05-18 06:00:00
14.6,42,0.0,0,70,17.0,29.6,1012.2,0,2,2,2026-05-18 07:00:00
13.5,48,0.0,0,60,15.0,27.8,1012.2,0,8,3,2026-05-18 08:00:00
13.4,41,0.0,0,60,19.0,24.1,1012.2,0,6,4,2026-05-18 09:00:00
12.9,44,0.0,0,60,16.0,24.1,1012.2,0,2,4,2026-05-18 10:00:00
12.6,47,0.0,0,60,16.0,17.0,1012.2,0,6,4,2026-05-18 11:00:00
11.3,57,0.0,0,70,17.0,24.1,1012.2,0,4,4,2026-05-18 12:00:00
10.0,73,0.0,0,50,20.0,24.1,1012.2,0,4,4,2026-05-18 13:00:00
9.5,83,0.0,0,60,19.0,25.9,1012.2,0,6,4,2026-05-18 14:00:00
9.6,85,0.0,0,50,17.0,27.8,1012.2,0,6,4,2026-05-18 15:00:00
11.6,87,0.0,0,50,19.0,29.6,1012.2,0,2,4,2026-05-18 16:00:00
14.1,76,0.0,0,50,20.0,33.3,1012.2,0,6,4,2026-05-18 17:00:00
16.9,70,0.0,0,60,11.0,37.0,1012.2,0,2,4,2026-05-18 18:00:00
18.3,66,0.0,0,70,8.0,35.2,1012.2,0,2,3,2026-05-18 19:00:00
19.7,62,0.0,0,10,9.0,31.5,1012.2,0,6,3,2026-05-18 20:00:00
20.6,61,0.0,0,70,7.0,29.6,1012.2,0,6,3,2026-05-18 21:00:00
21.6,58,0.0,0,40,10.0,31.5,1012.2,0,6,3,2026-05-18 22:00:00
21.3,62,0.0,0,40,11.0,33.3,1012.2,0,6,2,2026-05-18 23:00:00
20.6,66,0.0,0,30,6.0,35.2,1012.2,0,2,2,2026-05-19 00:00:00
20.6,67,0.0,0,130,8.0,33.3,1012.2,0,2,2,2026-05-19 01:00:00
18.4,76,0.0,0,20,5.0,33.3,1012.2,0,2,2,2026-05-19 02:00:00
17.4,78,0.0,0,10,5.0,33.3,1012.2,0,2,2,2026-05-19 03:00:00
16.6,82,0.0,0,30,4.0,29.6,1012.2,0,2,1,2026-05-19 04:00:00
18.1,75,0.0,0,180,5.0,31.5,1012.2,0,2,1,2026-05-19 05:00:00
16.1,85,0.0,0,310,8.0,33.3,1012.2,0,2,2,2026-05-19 06:00:00
15.1,88,0.0,0,80,3.0,29.6,1012.2,0,2,2,2026-05-19 07:00:00
16.5,83,0.0,0,160,7.0,25.9,1012.2,0,2,3,2026-05-19 08:00:00
16.5,86,0.0,0,300,4.0,22.2,1012.2,0,6,3,2026-05-19 09:00:00
19.2,78,0.0,0,230,10.0,22.2,1012.2,0,2,4,2026-05-19 10:00:00
19.9,76,0.0,0,210,12.0,24.1,1012.2,0,6,4,2026-05-19 11:00:00
21.4,71,0.0,0,240,20.0,24.1,1012.2,0,2,7,2026-05-19 12:00:00
24.1,62,0.0,0,240,28.0,22.0,1012.2,0,2,4,2026-05-19 13:00:00
23.3,66,0.0,0,230,30.0,25.9,1012.2,0,2,4,2026-05-19 14:00:00
23.9,65,0.0,0,230,28.0,21.0,1012.2,0,2,4,2026-05-19 15:00:00
24.6,64,0.0,0,220,26.0,19.0,1012.2,0,2,4,2026-05-19 16:00:00
24.8,64,0.0,0,240,27.0,19.0,1012.2,0,2,3,2026-05-19 17:00:00
26.3,57,0.0,0,230,24.0,31.5,1012.2,0,4,3,2026-05-19 18:00:00
26.9,56,0.0,0,240,31.0,22.0,1012.2,0,2,3,2026-05-19 19:00:00
28.1,54,0.0,0,230,23.0,20.0,1012.2,0,4,3,2026-05-19 20:00:00
28.1,49,0.0,0,240,28.0,23.0,1012.2,0,2,3,2026-05-19 21:00:00
26.8,52,0.0,0,240,27.0,21.0,1012.2,0,2,3,2026-05-19 22:00:00
26.7,55,0.0,0,240,24.0,33.3,1012.2,0,4,3,2026-05-19 23:00:00
25.3,58,0.0,0,230,21.0,16.0,1012.2,0,2,3,2026-05-20 00:00:00
23.9,62,0.0,0,220,14.0,35.2,1012.2,0,6,3,2026-05-20 01:00:00
22.8,65,0.0,0,230,16.0,35.2,1012.2,0,6,3,2026-05-20 02:00:00
24.9,60,0.0,0,230,19.0,17.0,1012.2,0,4,3,2026-05-20 03:00:00
23.4,64,0.0,0,220,16.0,35.2,1012.2,0,4,4,2026-05-20 04:00:00
23.4,71,0.0,0,260,23.0,19.0,1012.2,0,2,3,2026-05-20 05:00:00
22.1,79,0.0,0,240,20.0,18.0,1012.2,0,2,3,2026-05-20 06:00:00
21.6,82,0.0,0,250,23.0,19.0,1012.2,0,6,3,2026-05-20 07:00:00
20.6,84,0.0,0,240,19.0,29.6,1012.2,0,2,3,2026-05-20 08:00:00
20.5,83,0.0,0,240,16.0,15.0,1012.2,0,2,4,2026-05-20 09:00:00
20.1,84,0.0,0,240,20.0,24.1,1012.2,0,6,4,2026-05-20 10:00:00
20.3,82,0.0,0,250,23.0,25.9,1012.2,0,6,4,2026-05-20 11:00:00
21.1,78,0.0,0,240,27.0,22.0,1012.2,0,6,4,2026-05-20 12:00:00
22.1,74,0.0,0,230,23.0,20.0,1012.2,0,4,4,2026-05-20 13:00:00
24.0,60,0.0,0,260,36.0,27.0,1012.2,0,2,4,2026-05-20 14:00:00
23.9,51,0.0,0,280,34.0,27.0,1012.2,0,6,4,2026-05-20 15:00:00
22.5,52,0.0,0,280,41.0,31.0,1012.2,0,2,4,2026-05-20 16:00:00
21.8,41,0.0,0,280,37.0,32.0,1012.2,0,2,3,2026-05-20 17:00:00
21.9,37,0.0,0,290,31.0,27.0,1012.2,0,2,3,2026-05-20 18:00:00
21.8,39,0.0,0,290,28.0,25.0,1012.2,0,2,2,2026-05-20 19:00:00
21.1,35,0.0,0,280,33.0,26.0,1012.2,0,2,3,2026-05-20 20:00:00
21.0,31,0.0,0,270,33.0,24.0,1012.2,0,2,3,2026-05-20 21:00:00
20.5,32,0.0,0,280,26.0,23.0,1012.2,0,2,2,2026-05-20 22:00:00
19.4,29,0.0,0,310,22.0,18.0,1012.2,0,2,2,2026-05-20 23:00:00
17.9,35,0.0,0,340,19.0,17.0,1012.2,0,2,2,2026-05-21 00:00:00
15.7,35,0.0,0,340,21.0,22.0,1012.2,0,6,2,2026-05-21 01:00:00
14.5,36,0.0,0,340,20.0,37.0,1012.2,0,4,2,2026-05-21 02:00:00
13.2,39,0.0,0,350,20.0,17.0,1012.2,0,2,2,2026-05-21 03:00:00
12.3,42,0.0,0,350,19.0,38.9,1012.2,0,2,2,2026-05-21 04:00:00
11.2,44,0.0,0,340,20.0,38.9,1012.2,0,2,2,2026-05-21 05:00:00
9.3,49,0.0,0,10,19.0,40.8,1012.2,0,2,2,2026-05-21 06:00:00
8.2,52,0.0,0,350,21.0,37.0,1012.2,0,2,2,2026-05-21 07:00:00
7.1,53,0.0,0,10,14.0,15.0,1012.2,0,2,2,2026-05-21 08:00:00
6.5,52,0.0,0,10,21.0,16.0,1012.2,0,4,2,2026-05-21 09:00:00
6.4,52,0.0,0,10,17.0,31.5,1012.2,0,6,2,2026-05-21 10:00:00
6.6,53,0.0,0,40,18.0,31.5,1012.2,0,4,2,2026-05-21 11:00:00
6.9,48,0.0,0,20,17.0,31.5,1012.2,0,2,2,2026-05-21 12:00:00
7.3,49,0.0,0,20,12.0,33.3,1012.2,0,2,2,2026-05-21 13:00:00
7.9,47,0.0,0,40,7.0,33.3,1012.2,0,4,2,2026-05-21 14:00:00
9.2,43,0.0,0,40,14.0,35.2,1012.2,0,2,2,2026-05-21 15:00:00
10.8,44,0.0,0,310,10.0,37.0,1012.2,0,2,2,2026-05-21 16:00:00
11.5,39,0.0,0,320,5.0,37.0,1012.2,0,2,2,2026-05-21 17:00:00
12.0,41,0.0,0,230,16.0,16.0,1012.2,0,2,2,2026-05-21 18:00:00
13.2,38,0.0,0,180,13.0,37.0,1012.2,0,2,2,2026-05-21 19:00:00
13.8,34,0.0,0,80,4.0,15.0,1012.2,0,2,2,2026-05-21 20:00:00
14.8,28,0.0,0,260,9.0,33.3,1012.2,0,2,2,2026-05-21 21:00:00
15.5,30,0.0,0,200,12.0,31.5,1012.2,0,2,1,2026-05-21 22:00:00
15.5,26,0.0,0,310,18.0,33.3,1012.2,0,2,1,2026-05-21 23:00:00
14.4,27,0.0,0,310,19.0,17.0,1012.2,0,2,1,2026-05-22 00:00:00
12.9,32,0.0,0,320,13.0,35.2,1012.2,0,2,1,2026-05-22 01:00:00
12.0,34,0.0,0,340,13.0,35.2,1012.2,0,1,1,2026-05-22 02:00:00
10.8,38,0.0,0,340,11.0,33.3,1012.2,0,0,1,2026-05-22 03:00:00
9.5,45,0.0,0,360,12.0,33.3,1012.2,0,0,1,2026-05-22 04:00:00
9.2,42,0.0,0,30,14.0,33.3,1012.2,0,0,1,2026-05-22 05:00:00
7.0,50,0.0,0,50,8.0,31.5,1012.2,0,0,1,2026-05-22 06:00:00
7.2,50,0.0,0,0,0.0,33.3,1012.2,0,0,1,2026-05-22 07:00:00
5.7,63,0.0,0,20,5.0,33.3,1012.2,0,0,1,2026-05-22 08:00:00
5.4,68,0.0,0,0,0.0,33.3,1012.2,0,0,1,2026-05-22 09:00:00
8.1,54,0.0,0,170,7.0,31.5,1012.2,0,2,1,2026-05-22 10:00:00
9.1,47,0.0,0,240,11.0,31.5,1012.2,0,2,1,2026-05-22 11:00:00
10.2,43,0.0,0,260,9.0,29.6,1012.2,0,2,1,2026-05-22 12:00:00
12.1,38,0.0,0,200,9.0,31.5,1012.2,0,2,1,2026-05-22 13:00:00
13.0,37,0.0,0,210,10.0,31.5,1012.2,0,2,1,2026-05-22 14:00:00
14.3,34,0.0,0,240,8.0,33.3,1012.2,0,2,1,2026-05-22 15:00:00
15.5,31,0.0,0,210,12.0,35.2,1012.2,0,6,2,2026-05-22 16:00:00
17.0,31,0.0,0,180,12.0,37.0,1012.2,0,2,2,2026-05-22 17:00:00
17.2,28,0.0,0,220,17.0,37.0,1012.2,0,2,2,2026-05-22 18:00:00
18.1,28,0.0,0,190,17.0,35.2,1012.2,0,2,2,2026-05-22 19:00:00
18.7,24,0.0,0,180,17.0,33.3,1012.2,0,2,2,2026-05-22 20:00:00
19.2,24,0.0,0,210,12.0,31.5,1012.2,0,2,2,2026-05-22 21:00:00
19.4,27,0.0,0,240,15.0,27.8,1012.2,0,2,1,2026-05-22 22:00:00
19.5,26,0.0,0,240,14.0,29.6,1012.2,0,2,1,2026-05-22 23:00:00
18.3,36,0.0,0,210,13.0,31.5,1012.2,0,2,1,2026-05-23 00:00:00
17.6,33,0.0,0,240,10.0,31.5,1012.2,0,2,1,2026-05-23 01:00:00
16.4,38,0.0,0,240,4.0,29.6,1012.2,0,2,1,2026-05-23 02:00:00
16.2,35,0.0,0,180,5.0,29.6,1012.2,0,1,1,2026-05-23 03:00:00
13.1,49,0.0,0,0,0.0,29.6,1012.2,0,1,1,2026-05-23 04:00:00
11.2,58,0.0,0,0,0.0,29.6,1012.2,0,1,1,2026-05-23 05:00:00
9.1,68,0.0,0,40,13.0,29.6,1012.2,0,1,1,2026-05-23 06:00:00
10.4,63,0.0,0,40,15.0,25.9,1012.2,0,2,1,2026-05-23 07:00:00
10.2,64,0.0,0,40,12.0,22.2,1012.2,0,2,1,2026-05-23 08:00:00
7.6,72,0.0,0,50,9.0,20.4,1012.2,0,3,2,2026-05-23 09:00:00
9.6,64,0.0,0,40,13.0,22.2,1012.2,0,6,2,2026-05-23 10:00:00
12.0,59,0.0,0,60,12.0,24.1,1012.2,0,6,2,2026-05-23 11:00:00
14.4,48,0.0,0,60,12.0,25.9,1012.2,0,8,2,2026-05-23 12:00:00
16.4,41,0.0,0,50,16.0,27.8,1012.2,0,8,2,2026-05-23 13:00:00
17.6,34,0.0,0,90,16.0,27.8,1012.2,0,8,3,2026-05-23 14:00:00
18.3,33,0.0,0,80,17.0,29.6,1012.2,0,8,3,2026-05-23 15:00:00
19.4,34,0.0,0,90,15.0,27.8,1012.2,0,8,4,2026-05-23 16:00:00
19.8,34,0.0,0,100,11.0,29.6,1012.2,0,8,4,2026-05-23 17:00:00
20.0,33,0.0,0,110,8.0,31.5,1012.2,0,8,3,2026-05-23 18:00:00
20.3,31,0.0,0,120,12.0,29.6,1012.2,0,8,3,2026-05-23 19:00:00
20.1,30,0.0,0,80,14.0,27.8,1012.2,0,8,3,2026-05-23 20:00:00
20.4,29,0.0,0,110,15.0,25.9,1012.2,0,8,4,2026-05-23 21:00:00
20.3,30,0.0,0,140,11.0,29.6,1012.2,0,8,4,2026-05-23 22:00:00
20.3,30,0.0,0,150,9.0,31.5,1012.2,0,8,4,2026-05-23 23:00:00
19.2,34,0.0,0,180,15.0,33.3,1012.2,0,8,3,2026-05-24 00:00:00
18.5,37,0.0,0,170,13.0,33.3,1012.2,0,6,3,2026-05-24 01:00:00
17.7,39,0.0,0,160,12.0,33.3,1012.2,0,6,3,2026-05-24 02:00:00
16.9,43,0.0,0,160,16.0,33.3,1012.2,0,8,4,2026-05-24 03:00:00
16.1,48,0.0,0,140,12.0,33.3,1012.2,0,8,4,2026-05-24 04:00:00
15.5,52,0.0,0,140,12.0,33.3,1012.2,0,4,4,2026-05-24 05:00:00
15.2,54,0.0,0,140,11.0,33.3,1012.2,0,2,4,2026-05-24 06:00:00
12.9,75,0.0,0,170,24.0,31.5,1012.2,0,4,4,2026-05-24 07:00:00
12.1,78,0.3,0,160,21.0,27.8,1012.2,0,8,18,2026-05-24 08:00:00
11.3,84,0.5,0,130,16.0,24.1,1012.2,0,8,18,2026-05-24 09:00:00
10.8,89,0.4,0,120,16.0,25.9,1012.2,0,8,7,2026-05-24 10:00:00
10.8,90,0.8,0,140,15.0,27.8,1012.2,0,2,7,2026-05-24 11:00:00
11.1,87,0.8,0,150,23.0,20.0,1012.2,0,2,7,2026-05-24 12:00:00
11.6,86,1.3,0,150,18.0,17.0,1012.2,0,6,7,2026-05-24 13:00:00
11.2,84,1.2,0,140,21.0,18.0,1012.2,0,2,7,2026-05-24 14:00:00
11.5,80,1.4,0,140,25.0,21.0,1012.2,0,2,7,2026-05-24 15:00:00
12.1,79,2.2,0,150,23.0,23.0,1012.2,0,4,7,2026-05-24 16:00:00
12.1,76,1.4,0,150,34.0,29.0,1012.2,0,6,7,2026-05-24 17:00:00
12.1,82,0.6,0,150,21.0,20.0,1012.2,0,4,7,2026-05-24 18:00:00
12.1,78,0.2,0,140,25.0,21.0,1012.2,0,6,7,2026-05-24 19:00:00
12.0,80,0.0,0,150,29.0,25.0,1012.2,0,6,4,2026-05-24 20:00:00
12.5,77,0.0,0,140,24.0,25.0,1012.2,0,4,4,2026-05-24 21:00:00
12.8,74,0.0,0,140,26.0,21.0,1012.2,0,2,4,2026-05-24 22:00:00
12.8,74,0.0,0,150,24.0,22.0,1012.2,0,2,4,2026-05-24 23:00:00
12.5,76,0.0,0,140,22.0,21.0,1012.2,0,8,4,2026-05-25 00:00:00
12.6,78,0.0,0,140,19.0,18.0,1012.2,0,6,4,2026-05-25 01:00:00
12.7,78,0.0,0,130,23.0,31.5,1012.2,0,2,4,2026-05-25 02:00:00
12.7,79,0.0,0,140,18.0,17.0,1012.2,0,8,4,2026-05-25 03:00:00
12.9,78,0.3,0,140,17.0,15.0,1012.2,0,8,7,2026-05-25 04:00:00
12.5,84,0.4,0,160,17.0,33.3,1012.2,0,8,7,2026-05-25 05:00:00
11.9,91,0.5,0,150,11.0,35.2,1012.2,0,8,7,2026-05-25 06:00:00
11.7,93,1.0,0,150,12.0,31.5,1012.2,0,8,8,2026-05-25 07:00:00
11.6,94,1.5,0,150,13.0,29.6,1012.2,0,2,8,2026-05-25 08:00:00
11.6,95,1.8,0,140,6.0,25.9,1012.2,0,6,18,2026-05-25 09:00:00
11.6,96,1.4,0,130,8.0,27.8,1012.2,0,6,8,2026-05-25 10:00:00
11.7,96,1.7,0,150,8.0,27.8,1012.2,0,6,8,2026-05-25 11:00:00
12.1,95,1.2,0,160,7.0,29.6,1012.2,0,6,8,2026-05-25 12:00:00
12.6,94,1.1,0,180,8.0,29.6,1012.2,0,8,8,2026-05-25 13:00:00
12.7,95,0.8,0,230,8.0,31.5,1012.2,0,6,7,2026-05-25 14:00:00
13.5,95,0.6,0,230,10.0,31.5,1012.2,0,8,18,2026-05-25 15:00:00
15.5,88,0.0,0,290,17.0,29.6,1012.2,0,6,4,2026-05-25 16:00:00
16.5,82,0.0,0,270,16.0,16.0,1012.2,0,6,4,2026-05-25 17:00:00
17.9,72,0.0,0,280,24.0,33.3,1012.2,0,6,4,2026-05-25 18:00:00
18.1,70,0.0,0,290,21.0,31.5,1012.2,0,2,4,2026-05-25 19:00:00
19.9,68,0.0,0,280,25.0,29.6,1012.2,0,2,3,2026-05-25 20:00:00
20.6,59,0.0,0,280,19.0,18.0,1012.2,0,2,3,2026-05-25 21:00:00
20.6,58,0.0,0,280,22.0,19.0,1012.2,0,4,2,2026-05-25 22:00:00
20.3,58,0.0,0,280,19.0,33.3,1012.2,0,2,2,2026-05-25 23:00:00
19.3,63,0.0,0,270,12.0,35.2,1012.2,0,2,2,2026-05-26 00:00:00
18.1,67,0.0,0,290,10.0,35.2,1012.2,0,2,2,2026-05-26 01:00:00
16.9,71,0.0,0,280,10.0,33.3,1012.2,0,6,2,2026-05-26 02:00:00
16.5,78,0.0,0,250,16.0,33.3,1012.2,0,2,1,2026-05-26 03:00:00
16.0,81,0.0,0,250,16.0,33.3,1012.2,0,2,1,2026-05-26 04:00:00
15.4,82,0.0,0,240,10.0,33.3,1012.2,0,2,1,2026-05-26 05:00:00
15.1,82,0.0,0,240,11.0,33.3,1012.2,0,2,1,2026-05-26 06:00:00
14.3,85,0.0,0,250,10.0,29.6,1012.2,0,2,1,2026-05-26 07:00:00
13.8,87,0.0,0,250,10.0,27.8,1012.2,0,3,1,2026-05-26 08:00:00
13.3,89,0.0,0,240,10.0,25.9,1012.2,0,2,2,2026-05-26 09:00:00
13.6,87,0.0,0,250,10.0,22.2,1012.2,0,4,1,2026-05-26 10:00:00
14.4,84,0.0,0,240,14.0,24.1,1012.2,0,2,1,2026-05-26 11:00:00
17.1,72,0.0,0,240,13.0,25.9,1012.2,0,2,1,2026-05-26 12:00:00
18.2,66,0.0,0,220,21.0,25.9,1012.2,0,2,2,2026-05-26 13:00:00
19.5,64,0.0,0,210,22.0,25.9,1012.2,0,2,2,2026-05-26 14:00:00
21.9,59,0.0,0,230,17.0,17.0,1012.2,0,2,2,2026-05-26 15:00:00
23.2,56,0.0,0,240,27.0,22.0,1012.2,0,2,2,2026-05-26 16:00:00
24.9,50,0.0,0,240,23.0,20.0,1012.2,0,2,2,2026-05-26 17:00:00
26.2,44,0.0,0,230,26.0,21.0,1012.2,0,2,2,2026-05-26 18:00:00
26.9,43,0.0,0,240,33.0,28.0,1012.2,0,2,2,2026-05-26 19:00:00
27.4,36,0.0,0,240,34.0,26.0,1012.2,0,2,2,2026-05-26 20:00:00
27.1,30,0.0,0,240,39.0,35.0,1012.2,0,2,2,2026-05-26 21:00:00
26.5,32,0.0,0,230,34.0,35.0,1012.2,0,2,2,2026-05-26 22:00:00
26.1,30,0.0,0,240,40.0,34.0,1012.2,0,2,2,2026-05-26 23:00:00
24.9,34,0.0,0,240,35.0,30.0,1012.2,0,2,2,2026-05-27 00:00:00
24.1,37,0.0,0,240,33.0,27.0,1012.2,0,2,2,2026-05-27 01:00:00
23.3,41,0.0,0,240,26.0,23.0,1012.2,0,6,2,2026-05-27 02:00:00
22.6,43,0.0,0,240,24.0,21.0,1012.2,0,6,2,2026-05-27 03:00:00
21.2,45,0.0,0,270,13.0,35.2,1012.2,0,6,2,2026-05-27 04:00:00
21.2,45,0.0,0,240,11.0,33.3,1012.2,0,4,2,2026-05-27 05:00:00
19.8,52,0.0,0,250,8.0,33.3,1012.2,0,4,2,2026-05-27 06:00:00
19.6,52,0.0,0,280,11.0,31.5,1012.2,0,8,2,2026-05-27 07:00:00
18.5,56,0.0,0,300,6.0,29.6,1012.2,0,4,2,2026-05-27 08:00:00
17.8,64,0.0,0,0,0.0,27.8,1012.2,0,6,2,2026-05-27 09:00:00
17.6,67,0.0,0,330,7.0,25.9,1012.2,0,6,4,2026-05-27 10:00:00
18.0,55,0.0,0,10,17.0,17.0,1012.2,0,6,4,2026-05-27 11:00:00
17.3,58,0.0,0,360,22.0,17.0,1012.2,0,6,3,2026-05-27 12:00:00
18.6,56,0.0,0,20,16.0,29.6,1012.2,0,2,3,2026-05-27 13:00:00
18.6,55,0.0,0,40,8.0,29.6,1012.2,0,2,3,2026-05-27 14:00:00
19.5,52,0.0,0,40,13.0,29.6,1012.2,0,2,3,2026-05-27 15:00:00
20.2,50,0.0,0,310,5.0,33.3,1012.2,0,2,3,2026-05-27 16:00:00
21.2,47,0.0,0,210,10.0,35.2,1012.2,0,2,3,2026-05-27 17:00:00
20.7,49,0.0,0,210,11.0,38.9,1012.2,0,6,3,2026-05-27 18:00:00
22.1,46,0.0,0,20,13.0,37.0,1012.2,0,2,3,2026-05-27 19:00:00
22.2,40,0.0,0,10,15.0,35.2,1012.2,0,4,3,2026-05-27 20:00:00
21.7,43,0.0,0,350,13.0,33.3,1012.2,0,4,3,2026-05-27 21:00:00
21.4,42,0.0,0,350,14.0,35.2,1012.2,0,6,3,2026-05-27 22:00:00
21.0,45,0.0,0,360,15.0,37.0,1012.2,0,2,3,2026-05-27 23:00:00
20.4,45,0.0,0,20,22.0,38.9,1012.2,0,6,3,2026-05-28 00:00:00
19.6,47,0.0,0,10,19.0,38.9,1012.2,0,2,3,2026-05-28 01:00:00
18.3,55,0.0,0,20,17.0,16.0,1012.2,0,8,3,2026-05-28 02:00:00
17.8,51,0.0,0,360,13.0,35.2,1012.2,0,8,3,2026-05-28 03:00:00
16.9,54,0.0,0,10,16.0,35.2,1012.2,0,4,3,2026-05-28 04:00:00
15.4,62,0.0,0,360,11.0,33.3,1012.2,0,4,2,2026-05-28 05:00:00
15.8,56,0.0,0,360,14.0,31.5,1012.2,0,6,2,2026-05-28 06:00:00
14.8,55,0.0,0,20,19.0,16.0,1012.2,0,4,3,2026-05-28 07:00:00
13.7,57,0.0,0,20,23.0,29.6,1012.2,0,4,3,2026-05-28 08:00:00
12.9,60,0.0,0,10,18.0,29.6,1012.2,0,4,3,2026-05-28 09:00:00
13.0,61,0.0,0,20,18.0,25.9,1012.2,0,6,3,2026-05-28 10:00:00
13.2,61,0.0,0,10,22.0,27.8,1012.2,0,6,3,2026-05-28 11:00:00
13.8,63,0.0,0,10,13.0,27.8,1012.2,0,2,3,2026-05-28 12:00:00
15.0,57,0.0,0,360,19.0,16.0,1012.2,0,6,3,2026-05-28 13:00:00
15.5,57,0.0,0,340,11.0,27.8,1012.2,0,6,3,2026-05-28 14:00:00
15.1,58,0.0,0,350,12.0,27.8,1012.2,0,8,3,2026-05-28 15:00:00
15.5,58,0.0,0,310,15.0,31.5,1012.2,0,8,3,2026-05-28 16:00:00
16.7,57,0.0,0,340,14.0,33.3,1012.2,0,6,3,2026-05-28 17:00:00
17.5,54,0.0,0,330,9.0,37.0,1012.2,0,4,3,2026-05-28 18:00:00
17.6,60,0.0,0,330,11.0,35.2,1012.2,0,4,3,2026-05-28 19:00:00
18.7,50,0.0,0,350,9.0,16.0,1012.2,0,2,3,2026-05-28 20:00:00
18.5,51,0.0,0,290,10.0,31.5,1012.2,0,4,3,2026-05-28 21:00:00
19.3,43,0.0,0,360,21.0,16.0,1012.2,0,2,3,2026-05-28 22:00:00
19.1,41,0.0,0,360,22.0,35.2,1012.2,0,2,3,2026-05-28 23:00:00
18.6,43,0.0,0,350,13.0,38.9,1012.2,0,2,3,2026-05-29 00:00:00
18.0,45,0.0,0,350,14.0,37.0,1012.2,0,2,3,2026-05-29 01:00:00
16.4,52,0.0,0,320,10.0,37.0,1012.2,0,2,3,2026-05-29 02:00:00
16.0,54,0.0,0,340,18.0,37.0,1012.2,0,6,3,2026-05-29 03:00:00
15.7,48,0.0,0,10,14.0,31.5,1012.2,0,8,2,2026-05-29 04:00:00
15.1,52,0.0,0,360,8.0,33.3,1012.2,0,8,3,2026-05-29 05:00:00
14.7,57,0.0,0,270,5.0,33.3,1012.2,0,8,3,2026-05-29 06:00:00
13.8,65,0.0,0,280,8.0,33.3,1012.2,0,8,3,2026-05-29 07:00:00
13.9,65,0.0,0,290,8.0,31.5,1012.2,0,8,4,2026-05-29 08:00:00
13.7,68,0.0,0,290,8.0,31.5,1012.2,0,8,4,2026-05-29 09:00:00
13.8,67,0.0,0,290,5.0,31.5,1012.2,0,2,4,2026-05-29 10:00:00
13.8,66,0.0,0,320,9.0,31.5,1012.2,0,2,4,2026-05-29 11:00:00
14.0,65,0.0,0,330,9.0,29.6,1012.2,0,2,3,2026-05-29 12:00:00
14.8,57,0.0,0,300,4.0,29.6,1012.2,0,2,3,2026-05-29 13:00:00
14.7,60,0.0,0,210,15.0,31.5,1012.2,0,6,4,2026-05-29 14:00:00
14.6,64,0.0,0,220,10.0,31.5,1012.2,0,8,18,2026-05-29 15:00:00
14.7,69,0.5,0,200,14.0,33.3,1012.2,0,8,7,2026-05-29 16:00:00
15.5,59,0.7,0,190,16.0,37.0,1012.2,0,8,7,2026-05-29 17:00:00
15.4,59,0.6,0,170,13.0,38.9,1012.2,0,6,7,2026-05-29 18:00:00
15.0,68,1.0,0,130,11.0,37.0,1012.2,0,6,8,2026-05-29 19:00:00
17.7,62,1.4,0,240,19.0,20.0,1012.2,0,6,8,2026-05-29 20:00:00
14.6,74,1.7,0,300,53.0,42.0,1012.2,0,2,25,2026-05-29 21:00:00
13.3,86,0.6,0,20,31.0,21.0,1012.2,0,2,8,2026-05-29 22:00:00
12.9,84,1.2,0,100,9.0,31.5,1012.2,0,2,8,2026-05-29 23:00:00
12.4,75,1.7,0,330,23.0,19.0,1012.2,0,2,8,2026-05-30 00:00:00
9.8,87,2.6,0,360,24.0,15.0,1012.2,0,2,8,2026-05-30 01:00:00
8.2,93,3.0,0,300,19.0,27.8,1012.2,0,2,8,2026-05-30 02:00:00
8.5,94,2.6,0,0,0.0,15.0,1012.2,0,6,8,2026-05-30 03:00:00
9.1,92,1.8,0,40,40.0,28.0,1012.2,0,8,8,2026-05-30 04:00:00
9.6,90,1.0,0,50,41.0,29.0,1012.2,0,6,8,2026-05-30 05:00:00
9.5,87,0.9,0,50,45.0,32.0,1012.2,0,6,8,2026-05-30 06:00:00
9.3,91,0.0,0,50,34.0,29.0,1012.2,0,6,7,2026-05-30 07:00:00
9.8,83,0.0,0,50,38.0,30.0,1012.2,0,2,7,2026-05-30 08:00:00
9.3,87,0.0,0,40,32.0,25.9,1012.2,0,2,4,2026-05-30 09:00:00
9.1,86,0.0,0,30,22.0,25.9,1012.2,0,2,4,2026-05-30 10:00:00
9.7,81,0.0,0,50,25.0,19.0,1012.2,0,2,3,2026-05-30 11:00:00
10.3,75,0.0,0,40,28.0,27.8,1012.2,0,2,2,2026-05-30 12:00:00
11.1,64,0.0,0,60,32.0,27.8,1012.2,0,4,2,2026-05-30 13:00:00
12.4,66,0.0,0,40,23.0,20.0,1012.2,0,2,2,2026-05-30 14:00:00
13.4,55,0.0,0,30,33.0,23.0,1012.2,0,2,2,2026-05-30 15:00:00
14.1,49,0.0,0,30,34.0,25.0,1012.2,0,2,2,2026-05-30 16:00:00
14.8,47,0.0,0,70,33.0,23.0,1012.2,0,4,2,2026-05-30 17:00:00
15.7,44,0.0,0,50,30.0,25.0,1012.2,0,2,2,2026-05-30 18:00:00
16.5,39,0.0,0,50,26.0,21.0,1012.2,0,2,2,2026-05-30 19:00:00
17.3,40,0.0,0,60,20.0,31.5,1012.2,0,2,2,2026-05-30 20:00:00
17.6,38,0.0,0,40,12.0,29.6,1012.2,0,2,2,2026-05-30 21:00:00
17.9,37,0.0,0,140,7.0,27.8,1012.2,0,2,1,2026-05-30 22:00:00
17.6,39,0.0,0,190,13.0,29.6,1012.2,0,2,2,2026-05-30 23:00:00
16.6,44,0.0,0,240,11.0,31.5,1012.2,0,2,2,2026-05-31 00:00:00
14.2,56,0.0,0,240,10.0,31.5,1012.2,0,2,2,2026-05-31 01:00:00
13.3,62,0.0,0,250,7.0,29.6,1012.2,0,2,2,2026-05-31 02:00:00
11.7,64,0.0,0,270,10.0,29.6,1012.2,0,2,2,2026-05-31 03:00:00
13.1,60,0.0,0,280,9.0,31.5,1012.2,0,6,2,2026-05-31 04:00:00
13.1,61,0.0,0,260,10.0,31.5,1012.2,0,2,3,2026-05-31 05:00:00
13.3,59,0.0,0,260,13.0,31.5,1012.2,0,4,3,2026-05-31 06:00:00
12.9,60,0.0,0,260,14.0,29.6,1012.2,0,8,3,2026-05-31 07:00:00
12.1,69,0.0,0,250,11.0,25.9,1012.2,0,2,3,2026-05-31 08:00:00
11.8,71,0.0,0,250,8.0,24.1,1012.2,0,2,4,2026-05-31 09:00:00
11.7,74,0.0,0,230,7.0,25.9,1012.2,0,4,4,2026-05-31 10:00:00
12.2,76,0.0,0,220,15.0,27.8,1012.2,0,6,4,2026-05-31 11:00:00
12.0,80,0.0,0,230,18.0,16.0,1012.2,0,6,3,2026-05-31 12:00:00
12.3,78,0.0,0,250,16.0,15.0,1012.2,0,6,3,2026-05-31 13:00:00
13.2,71,0.0,0,250,13.0,29.6,1012.2,0,2,4,2026-05-31 14:00:00
13.7,72,0.0,0,230,16.0,31.5,1012.2,0,2,4,2026-05-31 15:00:00
14.5,73,0.0,0,230,18.0,33.3,1012.2,0,2,4,2026-05-31 16:00:00
16.5,60,0.0,0,260,26.0,21.0,1012.2,0,4,3,2026-05-31 17:00:00
18.2,58,0.0,0,270,22.0,20.0,1012.2,0,2,3,2026-05-31 18:00:00
19.4,50,0.0,0,270,27.0,24.0,1012.2,0,2,3,2026-05-31 19:00:00
20.7,39,0.0,0,270,40.0,27.0,1012.2,0,2,3,2026-05-31 20:00:00
14.5,62,0.0,0,70,26.0,20.0,1012.2,0,2,3,2026-05-31 21:00:00
15.1,63,0.0,0,190,14.0,31.5,1012.2,0,6,4,2026-05-31 22:00:00
15.6,58,0.0,0,20,14.0,31.5,1012.2,0,6,3,2026-05-31 23:00:00
14.1,63,0.0,0,40,15.0,31.5,1012.2,0,4,2,2026-06-01 00:00:00
12.9,70,0.0,0,20,13.0,31.5,1012.2,0,2,2,2026-06-01 01:00:00
12.4,75,0.0,0,360,9.0,31.5,1012.2,0,4,2,2026-06-01 02:00:00
12.1,77,0.0,0,20,12.0,31.5,1012.2,0,2,2,2026-06-01 03:00:00
11.5,80,0.0,0,40,18.0,31.5,1012.2,0,4,2,2026-06-01 04:00:00
10.5,85,0.0,0,50,15.0,31.5,1012.2,0,2,2,2026-06-01 05:00:00
10.1,86,0.0,0,40,13.0,31.5,1012.2,0,2,2,2026-06-01 06:00:00
9.8,88,0.0,0,30,12.0,29.6,1012.2,0,2,2,2026-06-01 07:00:00
8.7,92,0.0,0,40,13.0,25.9,1012.2,0,2,2,2026-06-01 08:00:00
8.1,94,0.0,0,40,13.0,24.1,1012.2,0,2,2,2026-06-01 09:00:00
8.6,92,0.0,0,20,4.0,25.9,1012.2,0,2,2,2026-06-01 10:00:00
10.9,82,0.0,0,50,13.0,25.9,1012.2,0,2,2,2026-06-01 11:00:00
12.4,76,0.0,0,50,15.0,27.8,1012.2,0,2,2,2026-06-01 12:00:00
14.2,67,0.0,0,30,16.0,29.6,1012.2,0,2,2,2026-06-01 13:00:00
15.3,61,0.0,0,70,13.0,29.6,1012.2,0,2,2,2026-06-01 14:00:00
17.1,48,0.0,0,50,14.0,31.5,1012.2,0,2,2,2026-06-01 15:00:00
18.3,37,0.0,0,10,9.0,35.2,1012.2,0,2,2,2026-06-01 16:00:00
19.3,28,0.0,0,10,9.0,37.0,1012.2,0,2,2,2026-06-01 17:00:00
19.9,25,0.0,0,20,5.0,40.8,1012.2,0,2,2,2026-06-01 18:00:00
20.3,28,0.0,0,200,14.0,37.0,1012.2,0,4,2,2026-06-01 19:00:00
20.4,31,0.0,0,230,15.0,35.2,1012.2,0,6,2,2026-06-01 20:00:00
20.2,32,0.0,0,230,15.0,33.3,1012.2,0,2,2,2026-06-01 21:00:00
21.0,32,0.0,0,270,13.0,27.8,1012.2,0,2,2,2026-06-01 22:00:00
20.9,32,0.0,0,280,15.0,27.8,1012.2,0,2,2,2026-06-01 23:00:00
18.3,46,0.0,0,30,10.0,27.8,1012.2,0,6,2,2026-06-02 00:00:00
16.9,55,0.0,0,130,12.0,27.8,1012.2,0,2,2,2026-06-02 01:00:00
15.9,62,0.0,0,190,6.0,29.6,1012.2,0,2,1,2026-06-02 02:00:00
13.9,70,0.0,0,270,3.0,29.6,1012.2,0,1,1,2026-06-02 03:00:00
12.8,80,0.0,0,250,5.0,29.6,1012.2,0,2,1,2026-06-02 04:00:00
12.6,75,0.0,0,240,5.0,31.5,1012.2,0,2,1,2026-06-02 05:00:00
12.7,71,0.0,0,230,7.0,31.5,1012.2,0,2,1,2026-06-02 06:00:00
11.7,77,0.0,0,230,5.0,27.8,1012.2,0,2,1,2026-06-02 07:00:00
10.8,80,0.0,0,250,5.0,25.9,1012.2,0,3,2,2026-06-02 08:00:00
10.1,80,0.0,0,0,0.0,22.2,1012.2,0,2,2,2026-06-02 09:00:00
10.7,80,0.0,0,220,5.0,24.1,1012.2,0,2,2,2026-06-02 10:00:00
12.8,71,0.0,0,250,7.0,25.9,1012.2,0,2,2,2026-06-02 11:00:00
15.4,62,0.0,0,210,4.0,27.8,1012.2,0,2,2,2026-06-02 12:00:00
17.4,44,0.0,0,320,7.0,27.8,1012.2,0,2,2,2026-06-02 13:00:00
19.8,44,0.0,0,350,9.0,29.6,1012.2,0,2,3,2026-06-02 14:00:00
21.6,26,0.0,0,20,17.0,31.5,1012.2,0,2,3,2026-06-02 15:00:00
22.1,23,0.0,0,20,22.0,29.6,1012.2,0,2,4,2026-06-02 16:00:00
22.7,24,0.0,0,330,17.0,15.0,1012.2,0,6,3,2026-06-02 17:00:00
23.6,23,0.0,0,340,22.0,33.3,1012.2,0,6,2,2026-06-02 18:00:00
24.6,25,0.0,0,10,14.0,16.0,1012.2,0,2,2,2026-06-02 19:00:00
24.8,23,0.0,0,250,17.0,27.8,1012.2,0,2,3,2026-06-02 20:00:00
25.1,24,0.0,0,270,16.0,25.9,1012.2,0,2,3,2026-06-02 21:00:00
25.3,21,0.0,0,300,13.0,27.8,1012.2,0,2,3,2026-06-02 22:00:00
24.5,23,0.0,0,300,20.0,29.6,1012.2,0,2,3,2026-06-02 23:00:00
23.6,25,0.0,0,300,10.0,31.5,1012.2,0,2,2,2026-06-03 00:00:00
21.4,32,0.0,0,290,5.0,29.6,1012.2,0,2,2,2026-06-03 01:00:00
19.8,37,0.0,0,310,7.0,29.6,1012.2,0,2,2,2026-06-03 02:00:00
18.0,42,0.0,0,320,14.0,29.6,1012.2,0,2,2,2026-06-03 03:00:00
16.8,46,0.0,0,310,13.0,29.6,1012.2,0,3,2,2026-06-03 04:00:00
15.9,50,0.0,0,130,3.0,29.6,1012.2,0,2,2,2026-06-03 05:00:00
14.8,54,0.0,0,0,0.0,27.8,1012.2,0,2,1,2026-06-03 06:00:00
14.2,65,0.0,0,200,5.0,25.9,1012.2,0,2,1,2026-06-03 07:00:00
14.5,66,0.0,0,240,9.0,24.1,1012.2,0,2,2,2026-06-03 08:00:00
13.3,70,0.0,0,230,6.0,22.2,1012.2,0,2,2,2026-06-03 09:00:00
13.0,69,0.0,0,260,8.0,22.2,1012.2,0,3,2,2026-06-03 10:00:00
15.1,61,0.0,0,220,9.0,24.1,1012.2,0,2,2,2026-06-03 11:00:00
17.1,57,0.0,0,210,5.0,25.9,1012.2,0,2,2,2026-06-03 12:00:00
17.9,60,0.0,0,200,13.0,27.8,1012.2,0,2,1,2026-06-03 13:00:00
19.8,53,0.0,0,210,14.0,29.6,1012.2,0,1,1,2026-06-03 14:00:00
21.8,47,0.0,0,210,13.0,29.6,1012.2,0,1,1,2026-06-03 15:00:00
23.2,41,0.0,0,230,15.0,27.8,1012.2,0,0,1,2026-06-03 16:00:00
25.4,36,0.0,0,220,17.0,29.6,1012.2,0,2,1,2026-06-03 17:00:00
27.3,27,0.0,0,240,15.0,15.0,1012.2,0,2,1,2026-06-03 18:00:00
28.4,24,0.0,0,260,19.0,19.0,1012.2,0,6,1,2026-06-03 19:00:00
28.8,26,0.0,0,280,25.0,19.0,1012.2,0,6,1,2026-06-03 20:00:00
29.0,23,0.0,0,280,23.0,18.0,1012.2,0,6,1,2026-06-03 21:00:00
28.7,24,0.0,0,280,19.0,18.0,1012.2,0,6,1,2026-06-03 22:00:00
28.1,24,0.0,0,280,21.0,31.5,1012.2,0,6,1,2026-06-03 23:00:00
25.9,31,0.0,0,260,11.0,33.3,1012.2,0,6,1,2026-06-04 00:00:00
24.6,31,0.0,0,250,12.0,31.5,1012.2,0,6,1,2026-06-04 01:00:00
23.5,34,0.0,0,250,18.0,31.5,1012.2,0,2,1,2026-06-04 02:00:00
22.4,40,0.0,0,250,21.0,29.6,1012.2,0,6,1,2026-06-04 03:00:00
21.0,43,0.0,0,230,17.0,15.0,1012.2,0,6,1,2026-06-04 04:00:00
19.4,43,0.0,0,260,12.0,29.6,1012.2,0,2,1,2026-06-04 05:00:00
18.0,46,0.0,0,260,11.0,29.6,1012.2,0,6,1,2026-06-04 06:00:00
16.2,52,0.0,0,280,9.0,27.8,1012.2,0,6,1,2026-06-04 07:00:00
16.5,49,0.0,0,250,12.0,24.1,1012.2,0,2,1,2026-06-04 08:00:00
16.1,50,0.0,0,250,13.0,22.2,1012.2,0,4,1,2026-06-04 09:00:00
16.6,50,0.0,0,250,18.0,24.1,1012.2,0,2,1,2026-06-04 10:00:00
17.6,52,0.0,0,260,14.0,25.9,1012.2,0,2,2,2026-06-04 11:00:00
18.7,53,0.0,0,250,17.0,27.8,1012.2,0,6,2,2026-06-04 12:00:00
19.1,54,0.0,0,230,21.0,27.8,1012.2,0,6,2,2026-06-04 13:00:00
20.0,52,0.0,0,230,23.0,29.6,1012.2,0,6,2,2026-06-04 14:00:00
21.8,48,0.0,0,230,16.0,31.5,1012.2,0,8,2,2026-06-04 15:00:00
24.3,40,0.0,0,230,22.0,31.5,1012.2,0,2,2,2026-06-04 16:00:00
26.2,36,0.0,0,220,25.0,20.0,1012.2,0,2,2,2026-06-04 17:00:00
26.8,34,0.0,0,280,31.0,33.3,1012.2,0,2,2,2026-06-04 18:00:00
27.6,34,0.0,0,270,21.0,19.0,1012.2,0,6,2,2026-06-04 19:00:00
27.5,36,0.0,0,240,18.0,18.0,1012.2,0,6,2,2026-06-04 20:00:00
27.4,37,0.0,0,230,26.0,29.6,1012.2,0,6,2,2026-06-04 21:00:00
27.2,36,0.0,0,240,27.0,31.5,1012.2,0,6,2,2026-06-04 22:00:00
25.8,39,0.0,0,240,23.0,18.0,1012.2,0,2,2,2026-06-04 23:00:00
24.8,40,0.0,0,250,23.0,35.2,1012.2,0,2,2,2026-06-05 00:00:00
23.3,41,0.0,0,260,15.0,35.2,1012.2,0,6,2,2026-06-05 01:00:00
21.8,45,0.0,0,270,10.0,35.2,1012.2,0,2,2,2026-06-05 02:00:00
20.8,47,0.0,0,250,10.0,33.3,1012.2,0,4,2,2026-06-05 03:00:00
20.3,51,0.0,0,230,12.0,33.3,1012.2,0,2,2,2026-06-05 04:00:00
19.2,57,0.0,0,230,8.0,35.2,1012.2,0,2,2,2026-06-05 05:00:00
18.4,62,0.0,0,230,9.0,35.2,1012.2,0,6,2,2026-06-05 06:00:00
17.6,66,0.0,0,230,12.0,29.6,1012.2,0,6,2,2026-06-05 07:00:00
17.4,67,0.0,0,250,10.0,25.9,1012.2,0,2,2,2026-06-05 08:00:00
16.9,65,0.0,0,270,10.0,22.2,1012.2,0,4,3,2026-06-05 09:00:00
16.8,67,0.0,0,260,6.0,25.9,1012.2,0,2,4,2026-06-05 10:00:00
17.7,61,0.0,0,280,8.0,27.8,1012.2,0,6,4,2026-06-05 11:00:00
18.8,60,0.0,0,300,7.0,29.6,1012.2,0,2,3,2026-06-05 12:00:00
19.5,57,0.0,0,220,12.0,29.6,1012.2,0,2,3,2026-06-05 13:00:00
19.5,58,0.0,0,230,12.0,29.6,1012.2,0,2,3,2026-06-05 14:00:00
20.7,56,0.0,0,210,10.0,31.5,1012.2,0,2,4,2026-06-05 15:00:00
21.2,52,0.0,0,200,11.0,33.3,1012.2,0,2,4,2026-06-05 16:00:00
22.4,50,0.0,0,200,5.0,35.2,1012.2,0,2,3,2026-06-05 17:00:00
23.8,47,0.0,0,180,8.0,37.0,1012.2,0,2,3,2026-06-05 18:00:00
25.1,44,0.0,0,200,8.0,35.2,1012.2,0,2,3,2026-06-05 19:00:00
25.8,43,0.0,0,250,5.0,33.3,1012.2,0,2,3,2026-06-05 20:00:00
26.3,41,0.0,0,230,10.0,29.6,1012.2,0,4,4,2026-06-05 21:00:00
26.9,36,0.0,0,230,14.0,31.5,1012.2,0,2,4,2026-06-05 22:00:00
25.8,37,0.0,0,240,14.0,33.3,1012.2,0,2,3,2026-06-05 23:00:00
25.4,39,0.0,0,200,14.0,35.2,1012.2,0,4,3,2026-06-06 00:00:00
24.9,41,0.0,0,160,10.0,37.0,1012.2,0,4,3,2026-06-06 01:00:00
23.7,46,0.0,0,170,11.0,37.0,1012.2,0,2,3,2026-06-06 02:00:00
22.6,51,0.0,0,160,13.0,37.0,1012.2,0,4,4,2026-06-06 03:00:00
22.5,55,0.0,0,170,12.0,37.0,1012.2,0,2,4,2026-06-06 04:00:00
22.0,56,0.0,0,180,7.0,37.0,1012.2,0,2,4,2026-06-06 05:00:00
22.2,53,0.0,0,180,6.0,37.0,1012.2,0,8,3,2026-06-06 06:00:00
20.7,61,0.0,0,240,3.0,35.2,1012.2,0,2,3,2026-06-06 07:00:00
20.9,61,0.0,0,210,19.0,33.3,1012.2,0,6,4,2026-06-06 08:00:00
19.8,79,0.0,0,220,23.0,20.0,1012.2,0,6,4,2026-06-06 09:00:00
18.6,87,2.9,0,220,24.0,25.9,1012.2,0,6,8,2026-06-06 10:00:00
18.3,91,2.9,0,210,17.0,25.9,1012.2,0,4,8,2026-06-06 11:00:00
18.1,96,2.3,0,190,17.0,24.1,1012.2,0,6,8,2026-06-06 12:00:00
18.2,96,0.7,0,190,12.0,24.1,1012.2,0,6,8,2026-06-06 13:00:00
18.6,95,0.8,0,170,21.0,24.1,1012.2,0,2,8,2026-06-06 14:00:00
18.9,95,0.9,0,150,16.0,25.9,1012.2,0,2,18,2026-06-06 15:00:00
18.4,93,1.5,0,180,21.0,27.8,1012.2,0,8,8,2026-06-06 16:00:00
18.2,96,1.3,0,160,22.0,31.5,1012.2,0,4,8,2026-06-06 17:00:00
18.4,95,0.9,0,150,19.0,35.2,1012.2,0,6,8,2026-06-06 18:00:00
18.7,89,0.7,0,150,18.0,15.0,1012.2,0,4,7,2026-06-06 19:00:00
20.0,85,0.7,0,150,16.0,29.6,1012.2,0,6,7,2026-06-06 20:00:00
21.4,82,0.6,0,150,13.0,25.9,1012.2,0,6,18,2026-06-06 21:00:00
22.7,78,0.3,0,180,9.0,27.8,1012.2,0,2,7,2026-06-06 22:00:00
23.7,66,0.8,0,230,20.0,29.6,1012.2,0,4,7,2026-06-06 23:00:00
22.4,63,1.2,0,240,27.0,20.0,1012.2,0,6,7,2026-06-07 00:00:00
19.9,83,1.4,0,270,26.0,22.0,1012.2,0,2,18,2026-06-07 01:00:00
18.9,92,1.2,0,260,14.0,31.5,1012.2,0,2,18,2026-06-07 02:00:00
18.9,93,1.0,0,280,21.0,31.5,1012.2,0,2,18,2026-06-07 03:00:00
18.8,93,1.0,0,280,24.0,20.0,1012.2,0,2,8,2026-06-07 04:00:00
18.5,93,0.8,0,280,27.0,21.0,1012.2,0,4,7,2026-06-07 05:00:00
18.4,92,1.0,0,290,26.0,23.0,1012.2,0,2,7,2026-06-07 06:00:00
18.2,93,1.0,0,280,30.0,23.0,1012.2,0,2,18,2026-06-07 07:00:00
18.0,92,0.8,0,280,27.0,20.0,1012.2,0,2,7,2026-06-07 08:00:00
17.7,91,0.8,0,290,25.0,18.0,1012.2,0,6,18,2026-06-07 09:00:00
17.1,93,2.4,0,300,27.0,20.0,1012.2,0,2,8,2026-06-07 10:00:00
17.0,95,2.0,0,320,18.0,25.0,1012.2,0,4,8,2026-06-07 11:00:00
17.2,96,1.5,0,330,17.0,27.8,1012.2,0,2,7,2026-06-07 12:00:00
18.0,95,0.8,0,340,16.0,27.8,1012.2,0,2,7,2026-06-07 13:00:00
18.6,89,0.7,0,10,27.0,19.0,1012.2,0,6,7,2026-06-07 14:00:00
16.7,92,0.5,0,50,26.0,19.0,1012.2,0,6,5,2026-06-07 15:00:00
17.4,86,0.0,0,30,18.0,19.0,1012.2,0,6,4,2026-06-07 16:00:00
17.3,81,0.0,0,40,26.0,35.2,1012.2,0,2,4,2026-06-07 17:00:00
17.5,78,0.0,0,30,24.0,37.0,1012.2,0,2,4,2026-06-07 18:00:00
17.8,75,0.0,0,40,28.0,20.0,1012.2,0,8,3,2026-06-07 19:00:00
17.4,72,0.0,0,50,28.0,35.2,1012.2,0,8,3,2026-06-07 20:00:00
18.1,72,0.0,0,30,13.0,33.3,1012.2,0,6,2,2026-06-07 21:00:00
19.9,62,0.0,0,40,19.0,15.0,1012.2,0,2,2,2026-06-07 22:00:00
20.0,58,0.0,0,40,15.0,37.0,1012.2,0,2,2,2026-06-07 23:00:00
19.9,58,0.0,0,30,10.0,37.0,1012.2,0,2,2,2026-06-08 00:00:00
16.3,76,0.0,0,340,4.0,38.9,1012.2,0,2,1,2026-06-08 01:00:00
15.8,79,0.0,0,240,6.0,38.9,1012.2,0,2,1,2026-06-08 02:00:00
15.3,83,0.0,0,240,5.0,38.9,1012.2,0,0,1,2026-06-08 03:00:00
15.8,79,0.0,0,200,5.0,31.5,1012.2,0,0,1,2026-06-08 04:00:00
15.6,86,0.0,0,230,15.0,31.5,1012.2,0,0,1,2026-06-08 05:00:00
14.4,88,0.0,0,260,8.0,33.3,1012.2,0,0,1,2026-06-08 06:00:00
14.9,88,0.0,0,250,10.0,33.3,1012.2,0,0,1,2026-06-08 07:00:00
13.6,91,0.0,0,250,4.0,35.2,1012.2,0,0,1,2026-06-08 08:00:00
13.0,94,0.0,0,0,0.0,35.2,1012.2,0,1,1,2026-06-08 09:00:00
13.4,94,0.0,0,250,5.0,35.2,1012.2,0,1,1,2026-06-08 10:00:00
15.8,89,0.0,0,240,8.0,33.3,1012.2,0,2,1,2026-06-08 11:00:00
17.4,84,0.0,0,230,5.0,33.3,1012.2,0,2,1,2026-06-08 12:00:00
19.0,78,0.0,0,0,0.0,33.3,1012.2,0,2,1,2026-06-08 13:00:00
20.3,68,0.0,0,220,9.0,35.2,1012.2,0,2,2,2026-06-08 14:00:00
22.0,64,0.0,0,200,10.0,37.0,1012.2,0,2,2,2026-06-08 15:00:00
23.1,58,0.0,0,210,13.0,37.0,1012.2,0,2,2,2026-06-08 16:00:00
23.9,50,0.0,0,220,14.0,37.0,1012.2,0,2,2,2026-06-08 17:00:00
24.6,48,0.0,0,240,13.0,37.0,1012.2,0,2,2,2026-06-08 18:00:00
25.6,40,0.0,0,180,19.0,35.2,1012.2,0,2,2,2026-06-08 19:00:00
25.7,34,0.0,0,200,16.0,33.3,1012.2,0,2,2,2026-06-08 20:00:00
25.5,40,0.0,0,210,14.0,31.5,1012.2,0,6,2,2026-06-08 21:00:00
25.4,40,0.0,0,240,11.0,33.3,1012.2,0,4,2,2026-06-08 22:00:00
25.3,41,0.0,0,240,12.0,35.2,1012.2,0,2,2,2026-06-08 23:00:00
24.4,43,0.0,0,210,10.0,35.2,1012.2,0,2,2,2026-06-09 00:00:00
21.7,52,0.0,0,230,5.0,35.2,1012.2,0,2,1,2026-06-09 01:00:00
20.9,57,0.0,0,200,10.0,35.2,1012.2,0,0,1,2026-06-09 02:00:00
19.6,60,0.0,0,220,8.0,35.2,1012.2,0,0,1,2026-06-09 03:00:00
19.6,54,0.0,0,200,7.0,24.1,1012.2,0,0,1,2026-06-09 04:00:00
18.0,64,0.0,0,240,4.0,25.9,1012.2,0,0,1,2026-06-09 05:00:00
17.0,72,0.0,0,0,0.0,25.9,1012.2,0,0,1,2026-06-09 06:00:00
15.0,82,0.0,0,270,5.0,24.1,1012.2,0,0,1,2026-06-09 07:00:00
16.0,82,0.0,0,0,0.0,24.1,1012.2,0,2,1,2026-06-09 08:00:00
16.0,82,0.0,0,220,5.0,22.2,1012.2,0,2,1,2026-06-09 09:00:00
15.0,88,0.0,0,250,4.0,24.1,1012.2,0,2,1,2026-06-09 10:00:00
18.0,73,0.0,0,260,5.0,25.9,1012.2,0,2,1,2026-06-09 11:00:00
19.0,73,0.0,0,210,5.0,27.8,1012.2,0,2,1,2026-06-09 12:00:00
20.0,64,0.0,0,200,5.0,29.6,1012.2,0,2,1,2026-06-09 13:00:00
21.0,60,0.0,0,210,7.0,31.5,1012.2,0,2,1,2026-06-09 14:00:00
23.0,57,0.0,0,210,8.0,31.5,1012.2,0,2,1,2026-06-09 15:00:00
24.0,54,0.0,0,190,10.0,33.3,1012.2,0,2,2,2026-06-09 16:00:00
25.0,47,0.0,0,210,9.0,33.3,1012.2,0,2,2,2026-06-09 17:00:00
27.0,37,0.0,0,170,9.0,33.3,1012.2,0,2,2,2026-06-09 18:00:00
27.0,39,0.0,0,200,9.0,31.5,1012.2,0,2,2,2026-06-09 19:00:00
27.0,37,0.0,0,200,8.0,29.6,1012.2,0,2,2,2026-06-09 20:00:00
28.0,40,0.0,0,230,9.0,27.8,1012.2,0,6,2,2026-06-09 21:00:00
28.0,40,0.0,0,290,7.0,31.5,1012.2,0,6,2,2026-06-09 22:00:00
28.0,37,0.0,0,300,5.0,33.3,1012.2,0,6,2,2026-06-09 23:00:00
27.0,39,0.0,0,290,3.0,35.2,1012.2,0,6,2,2026-06-10 00:00:00
26.0,45,0.0,0,230,4.0,37.0,1012.2,0,6,2,2026-06-10 01:00:00
23.0,61,0.0,0,220,4.0,37.0,1012.2,0,6,2,2026-06-10 02:00:00
21.0,69,0.0,0,240,3.0,37.0,1012.2,0,2,2,2026-06-10 03:00:00
22.0,65,0.0,0,220,4.0,29.6,1012.2,0,2,1,2026-06-10 04:00:00
21.0,69,0.0,0,220,4.0,31.5,1012.2,0,2,2,2026-06-10 05:00:00
22.6,64,0.0,0,182,5.5,35.2,1012.2,0,4,2,2026-06-10 06:00:00
22.6,64,0.0,0,164,5.5,31.5,1011.7,0,4,2,2026-06-10 07:00:00
22.6,65,0.0,0,147,5.5,27.8,1011.4,0,5,2,2026-06-10 08:00:00
22.6,65,0.0,0,132,7.4,24.1,1011.2,0,7,3,2026-06-10 09:00:00
22.6,66,0.0,0,139,5.5,24.1,1011.0,0,7,3,2026-06-10 10:00:00
22.7,66,0.0,0,149,5.5,24.1,1011.1,0,8,3,2026-06-10 11:00:00
23.0,68,0.0,0,163,5.5,24.1,1011.1,0,8,3,2026-06-10 12:00:00
23.0,71,0.0,0,159,5.5,24.1,1010.5,0,8,4,2026-06-10 13:00:00
23.0,74,0.2,0,156,7.4,24.1,1010.1,0,8,7,2026-06-10 14:00:00
23.0,77,0.4,0,154,7.4,25.9,1009.5,0,8,18,2026-06-10 15:00:00
23.0,80,0.4,0,132,9.3,29.6,1009.0,0,8,7,2026-06-10 16:00:00
23.0,82,0.6,0,119,9.3,31.5,1008.6,0,8,7,2026-06-10 17:00:00
23.0,84,0.6,0,111,11.1,35.2,1008.3,0,8,7,2026-06-10 18:00:00
23.0,84,0.8,0,111,11.1,33.3,1007.7,0,8,7,2026-06-10 19:00:00
23.0,85,1.0,0,111,11.1,29.6,1007.0,0,8,7,2026-06-10 20:00:00
23.0,86,0.9,0,111,13.0,27.8,1006.5,0,8,18,2026-06-10 21:00:00
23.0,86,0.8,0,110,13.0,29.6,1005.8,0,8,8,2026-06-10 22:00:00
23.0,86,1.2,0,110,13.0,31.5,1005.5,0,8,8,2026-06-10 23:00:00
23.0,85,1.6,0,110,14.8,33.3,1005.2,0,8,8,2026-06-11 00:00:00
21.5,93,1.8,0,118,13.0,33.3,1004.9,0,8,8,2026-06-11 01:00:00
21.3,95,1.8,0,128,13.0,33.3,1004.7,0,8,8,2026-06-11 02:00:00
21.2,95,1.2,0,139,11.1,31.5,1004.6,0,8,18,2026-06-11 03:00:00
21.1,96,0.8,0,152,13.0,35.2,1004.2,0,8,7,2026-06-11 04:00:00
21.0,98,0.6,0,177,13.0,37.0,1003.8,0,8,7,2026-06-11 05:00:00
23.8,82,0.4,0,202,11.1,38.9,1003.6,0,8,7,2026-06-11 06:00:00
23.8,82,0.0,0,205,11.1,33.3,1003.4,0,8,18,2026-06-11 07:00:00
23.8,81,0.0,0,207,9.3,25.9,1003.3,0,8,4,2026-06-11 08:00:00
23.8,81,0.0,0,210,9.3,20.4,1003.2,0,8,4,2026-06-11 09:00:00
23.8,81,0.0,0,221,11.1,22.2,1003.5,0,8,4,2026-06-11 10:00:00
23.8,81,0.0,0,230,11.1,24.1,1003.6,0,8,4,2026-06-11 11:00:00
24.2,80,0.0,0,237,13.0,24.1,1003.8,0,8,4,2026-06-11 12:00:00
24.3,81,0.0,0,232,14.8,24.1,1003.8,0,8,4,2026-06-11 13:00:00
24.5,81,0.0,0,229,14.8,24.1,1004.0,0,8,4,2026-06-11 14:00:00
24.7,83,0.0,0,225,14.8,24.1,1003.9,0,8,4,2026-06-11 15:00:00
25.1,80,0.0,0,227,16.7,29.6,1003.7,0,8,4,2026-06-11 16:00:00
25.5,81,0.0,0,228,16.7,35.2,1003.7,0,7,4,2026-06-11 17:00:00
24.8,84,0.0,0,229,18.5,38.9,1003.6,0,7,3,2026-06-11 18:00:00
24.8,84,0.0,0,232,18.5,37.0,1003.5,0,6,3,2026-06-11 19:00:00
24.7,84,0.0,0,236,18.5,35.2,1003.2,0,7,3,2026-06-11 20:00:00
24.7,83,0.0,0,239,18.5,33.3,1003.1,0,8,3,2026-06-11 21:00:00
24.8,81,0.0,0,239,16.7,35.2,1003.4,0,7,3,2026-06-11 22:00:00
24.7,81,0.0,0,239,14.8,37.0,1003.6,0,6,3,2026-06-11 23:00:00
23.8,85,0.0,0,239,13.0,38.9,1003.7,0,6,3,2026-06-12 00:00:00
22.7,91,0.0,0,238,13.0,37.0,1003.9,0,5,2,2026-06-12 01:00:00
22.6,91,0.0,0,237,11.1,37.0,1004.3,0,4,2,2026-06-12 02:00:00
22.5,93,0.0,0,235,9.3,37.0,1004.0,0,4,2,2026-06-12 03:00:00
22.5,93,0.0,0,236,9.3,37.0,1004.1,0,4,2,2026-06-12 04:00:00
22.4,92,0.0,0,236,9.3,37.0,1004.1,0,4,2,2026-06-12 05:00:00
23.7,85,0.0,0,237,9.3,37.0,1004.1,0,4,2,2026-06-12 06:00:00
23.7,84,0.0,0,235,9.3,31.5,1004.4,0,4,2,2026-06-12 07:00:00
23.7,84,0.0,0,234,9.3,25.9,1004.5,0,5,2,2026-06-12 08:00:00
23.7,83,0.0,0,233,9.3,20.4,1004.6,0,6,3,2026-06-12 09:00:00
23.7,83,0.0,0,230,9.3,22.2,1004.8,0,5,3,2026-06-12 10:00:00
23.7,83,0.0,0,229,11.1,24.1,1004.9,0,5,3,2026-06-12 11:00:00
23.9,83,0.0,0,227,11.1,24.1,1005.1,0,6,3,2026-06-12 12:00:00
25.4,77,0.0,0,217,11.1,25.9,1005.0,0,5,3,2026-06-12 13:00:00
25.1,78,0.0,0,209,13.0,25.9,1004.8,0,5,3,2026-06-12 14:00:00
26.4,74,0.0,0,202,14.8,25.9,1004.6,0,5,3,2026-06-12 15:00:00
27.3,70,0.0,0,201,14.8,31.5,1004.3,0,5,2,2026-06-12 16:00:00
28.0,66,0.0,0,201,14.8,35.2,1003.7,0,5,2,2026-06-12 17:00:00
25.9,72,0.0,0,200,14.8,40.8,1003.5,0,6,18,2026-06-12 18:00:00
26.0,67,0.7,0,207,14.8,37.0,1003.1,0,6,18,2026-06-12 19:00:00
25.9,68,0.9,0,214,16.7,35.2,1002.8,0,7,18,2026-06-12 20:00:00
25.9,70,0.8,0,220,16.7,33.3,1003.0,0,8,18,2026-06-12 21:00:00
25.2,71,0.4,0,220,16.7,35.2,1003.0,0,8,18,2026-06-12 22:00:00
24.9,72,0.5,0,221,18.5,37.0,1003.5,0,8,18,2026-06-12 23:00:00
24.1,75,0.9,0,221,18.5,37.0,1003.6,0,7,18,2026-06-13 00:00:00
23.3,79,0.9,0,225,18.5,35.2,1004.0,0,6,18,2026-06-13 01:00:00
23.1,79,1.0,0,228,18.5,35.2,1004.5,0,5,18,2026-06-13 02:00:00
22.6,79,1.0,0,232,18.5,33.3,1004.9,0,5,18,2026-06-13 03:00:00
22.0,81,0.7,0,234,18.5,33.3,1005.2,0,4,18,2026-06-13 04:00:00
21.6,80,0.5,0,237,18.5,35.2,1005.7,0,4,18,2026-06-13 05:00:00
22.3,73,0.3,0,239,20.4,35.2,1006.4,0,3,18,2026-06-13 06:00:00
22.6,71,0.0,0,239,18.5,31.5,1006.5,0,3,2,2026-06-13 07:00:00
21.9,71,0.0,0,238,18.5,27.8,1006.8,0,3,2,2026-06-13 08:00:00
21.9,70,0.0,0,237,18.5,22.2,1007.2,0,4,2,2026-06-13 09:00:00
21.9,69,0.0,0,238,18.5,25.9,1007.8,0,3,2,2026-06-13 10:00:00
22.5,65,0.0,0,239,20.4,27.8,1008.5,0,3,2,2026-06-13 11:00:00
22.7,64,0.0,0,240,20.4,29.6,1009.5,0,3,2,2026-06-13 12:00:00
22.9,64,0.0,0,237,22.2,29.6,1009.5,0,3,2,2026-06-13 13:00:00
23.4,61,0.0,0,234,22.2,29.6,1009.6,0,3,2,2026-06-13 14:00:00
23.9,60,0.0,0,231,24.1,29.6,1009.9,0,3,2,2026-06-13 15:00:00
24.6,58,0.0,0,232,24.1,33.3,1009.5,0,3,2,2026-06-13 16:00:00
25.3,54,0.0,0,233,24.1,35.2,1009.2,0,3,2,2026-06-13 17:00:00
23.9,56,0.0,0,234,25.9,38.9,1009.2,0,4,2,2026-06-13 18:00:00
23.8,56,0.0,0,235,25.9,37.0,1009.0,0,4,2,2026-06-13 19:00:00
23.8,56,0.0,0,236,25.9,35.2,1008.8,0,4,2,2026-06-13 20:00:00
23.8,56,0.0,0,237,25.9,33.3,1008.6,0,4,2,2026-06-13 21:00:00
23.8,55,0.0,0,234,24.1,35.2,1008.3,0,4,2,2026-06-13 22:00:00
23.4,57,0.0,0,230,22.2,35.2,1008.4,0,5,2,2026-06-13 23:00:00
22.6,59,0.0,0,224,20.4,37.0,1008.4,0,5,2,2026-06-14 00:00:00
21.8,62,0.0,0,220,18.5,35.2,1008.5,0,5,2,2026-06-14 01:00:00
21.6,64,0.0,0,216,16.7,35.2,1008.6,0,4,2,2026-06-14 02:00:00
21.4,65,0.0,0,212,16.7,35.2,1008.6,0,4,2,2026-06-14 03:00:00
21.0,67,0.0,0,211,14.8,37.0,1008.4,0,4,2,2026-06-14 04:00:00
20.6,68,0.0,0,209,14.8,37.0,1008.3,0,4,2,2026-06-14 05:00:00
21.8,65,0.0,0,207,14.8,37.0,1007.7,0,5,2,2026-06-14 06:00:00
21.7,66,0.0,0,206,14.8,33.3,1007.9,0,5,2,2026-06-14 07:00:00
21.6,66,0.0,0,205,14.8,29.6,1007.6,0,6,3,2026-06-14 08:00:00
21.6,66,0.0,0,203,14.8,25.9,1006.9,0,6,3,2026-06-14 09:00:00
21.6,66,0.0,0,198,16.7,25.9,1007.5,0,7,3,2026-06-14 10:00:00
21.6,66,0.0,0,194,16.7,25.9,1007.3,0,7,3,2026-06-14 11:00:00
21.7,66,0.0,0,190,18.5,27.8,1006.5,0,7,3,2026-06-14 12:00:00
22.1,65,0.0,0,195,20.4,27.8,1006.8,0,8,3,2026-06-14 13:00:00
22.2,65,0.8,0,199,22.2,29.6,1006.7,0,8,18,2026-06-14 14:00:00
22.6,65,0.8,0,203,22.2,29.6,1006.4,0,8,18,2026-06-14 15:00:00
23.2,63,0.4,0,207,24.1,33.3,1005.7,0,8,7,2026-06-14 16:00:00
23.4,62,0.6,0,211,25.9,38.9,1004.6,0,8,7,2026-06-14 17:00:00
21.5,69,0.8,0,214,25.9,42.6,1004.3,0,8,7,2026-06-14 18:00:00
21.4,70,0.4,0,215,25.9,38.9,1003.9,0,8,18,2026-06-14 19:00:00
21.4,70,0.7,0,216,25.9,37.0,1004.0,0,8,18,2026-06-14 20:00:00
21.3,69,0.7,0,217,24.1,35.2,1003.5,0,8,18,2026-06-14 21:00:00
21.3,68,0.3,0,220,24.1,35.2,1003.6,0,8,18,2026-06-14 22:00:00
21.2,66,0.5,0,223,22.2,37.0,1003.6,0,7,18,2026-06-14 23:00:00
20.5,71,0.6,0,226,22.2,38.9,1003.5,0,7,18,2026-06-15 00:00:00
19.2,74,0.8,0,229,20.4,37.0,1004.2,0,7,18,2026-06-15 01:00:00
18.8,73,0.7,0,232,20.4,37.0,1004.7,0,6,18,2026-06-15 02:00:00
18.7,74,0.6,0,236,18.5,35.2,1005.0,0,6,18,2026-06-15 03:00:00
18.4,74,0.0,0,239,16.7,35.2,1004.6,0,6,3,2026-06-15 04:00:00
17.9,74,0.0,0,243,16.7,35.2,1004.8,0,6,3,2026-06-15 05:00:00
17.9,73,0.0,0,246,16.7,35.2,1005.0,0,6,3,2026-06-15 06:00:00
17.9,72,0.0,0,244,16.7,33.3,1005.6,0,6,3,2026-06-15 07:00:00
17.8,71,0.0,0,243,16.7,31.5,1006.0,0,6,3,2026-06-15 08:00:00
17.7,68,0.0,0,241,16.7,31.5,1006.5,0,6,3,2026-06-15 09:00:00
17.7,68,0.0,0,249,18.5,29.6,1006.8,0,6,3,2026-06-15 10:00:00
17.8,66,0.0,0,258,20.4,29.6,1007.6,0,5,3,2026-06-15 11:00:00
17.7,62,0.0,0,268,20.4,29.6,1008.4,0,6,3,2026-06-15 12:00:00
17.8,61,0.0,0,263,22.2,29.6,1008.6,0,5,3,2026-06-15 13:00:00
18.1,58,0.0,0,260,22.2,29.6,1008.6,0,5,3,2026-06-15 14:00:00
18.4,57,0.0,0,257,22.2,31.5,1008.6,0,5,3,2026-06-15 15:00:00
18.6,55,0.0,0,256,24.1,33.3,1008.2,0,6,3,2026-06-15 16:00:00
18.7,54,0.0,0,255,24.1,37.0,1008.4,0,6,3,2026-06-15 17:00:00
17.4,58,0.0,0,254,24.1,40.8,1008.9,0,6,3,2026-06-15 18:00:00
17.2,57,0.0,0,259,24.1,38.9,1008.6,0,6,3,2026-06-15 19:00:00
17.1,57,0.0,0,264,24.1,37.0,1008.6,0,7,3,2026-06-15 20:00:00
17.2,57,0.0,0,270,22.2,35.2,1008.8,0,7,3,2026-06-15 21:00:00
17.1,57,0.0,0,270,20.4,37.0,1009.1,0,6,3,2026-06-15 22:00:00
17.1,57,0.0,0,270,20.4,37.0,1009.1,0,6,3,2026-06-15 23:00:00
16.6,61,0.0,0,270,18.5,38.9,1009.7,0,6,3,2026-06-16 00:00:00
14.7,69,0.0,0,269,14.8,38.9,1009.8,0,5,2,2026-06-16 01:00:00
14.6,70,0.0,0,267,13.0,37.0,1010.0,0,4,2,2026-06-16 02:00:00
14.5,74,0.0,0,265,11.1,35.2,1010.2,0,4,2,2026-06-16 03:00:00
14.3,75,0.0,0,261,11.1,33.3,1010.5,0,4,2,2026-06-16 04:00:00
14.2,75,0.0,0,255,11.1,31.5,1010.5,0,4,2,2026-06-16 05:00:00
15.4,69,0.0,0,244,11.1,29.6,1010.9,0,4,2,2026-06-16 06:00:00
15.5,69,0.0,0,243,11.1,31.5,1010.6,0,4,2,2026-06-16 07:00:00
15.4,68,0.0,0,242,11.1,31.5,1010.6,0,4,2,2026-06-16 08:00:00
15.4,69,0.0,0,241,11.1,31.5,1010.3,0,5,7,2026-06-16 09:00:00
15.4,69,0.0,0,242,11.1,29.6,1010.4,0,5,18,2026-06-16 10:00:00
15.7,67,0.0,0,243,13.0,27.8,1010.7,0,5,18,2026-06-16 11:00:00
16.2,65,0.0,0,244,13.0,27.8,1011.3,0,6,2,2026-06-16 12:00:00
16.8,63,0.0,0,237,14.8,27.8,1011.0,0,6,2,2026-06-16 13:00:00
17.3,61,0.0,0,232,14.8,29.6,1010.8,0,6,2,2026-06-16 14:00:00
18.0,58,0.0,0,228,16.7,31.5,1010.6,0,6,3,2026-06-16 15:00:00
18.8,54,0.0,0,229,16.7,35.2,1010.4,0,6,3,2026-06-16 16:00:00
19.3,52,0.0,0,231,18.5,37.0,1010.0,0,6,3,2026-06-16 17:00:00
17.4,58,0.0,0,232,18.5,40.8,1009.3,0,7,3,2026-06-16 18:00:00
17.4,58,0.0,0,232,18.5,38.9,1008.8,0,6,3,2026-06-16 19:00:00
17.4,58,0.0,0,233,18.5,37.0,1008.7,0,6,3,2026-06-16 20:00:00
17.4,57,0.0,0,233,18.5,35.2,1008.4,0,6,3,2026-06-16 21:00:00
17.4,57,0.0,0,232,18.5,37.0,1008.5,0,6,3,2026-06-16 22:00:00
16.8,60,0.0,0,231,16.7,38.9,1008.4,0,6,3,2026-06-16 23:00:00
16.4,65,0.0,0,230,14.8,40.8,1008.4,0,6,3,2026-06-17 00:00:00
15.8,67,0.0,0,223,13.0,38.9,1008.5,0,5,3,2026-06-17 01:00:00
15.6,69,0.0,0,215,13.0,38.9,1008.7,0,5,3,2026-06-17 02:00:00
15.4,72,0.0,0,207,11.1,38.9,1008.7,0,5,3,2026-06-17 03:00:00
15.1,74,0.0,0,208,11.1,35.2,1008.6,0,5,2,2026-06-17 04:00:00
14.9,75,0.0,0,210,11.1,33.3,1008.3,0,4,2,2026-06-17 05:00:00
16.6,67,0.0,0,214,11.1,31.5,1008.2,0,5,2,2026-06-17 06:00:00
16.6,68,0.0,0,210,9.3,31.5,1007.8,0,5,2,2026-06-17 07:00:00
16.6,68,0.0,0,206,9.3,31.5,1007.8,0,5,2,2026-06-17 08:00:00
16.6,68,0.0,0,202,9.3,31.5,1007.6,0,6,3,2026-06-17 09:00:00
16.6,68,0.0,0,204,11.1,29.6,1007.6,0,6,3,2026-06-17 10:00:00
16.6,69,0.0,0,207,11.1,27.8,1007.9,0,6,3,2026-06-17 11:00:00
16.7,67,0.0,0,209,13.0,25.9,1007.5,0,6,3,2026-06-17 12:00:00
17.8,63,0.0,0,203,13.0,27.8,1007.4,0,6,3,2026-06-17 13:00:00
18.2,62,0.0,0,199,13.0,29.6,1007.3,0,6,3,2026-06-17 14:00:00
18.8,61,0.0,0,196,14.8,31.5,1007.2,0,6,3,2026-06-17 15:00:00
19.5,58,0.0,0,203,14.8,35.2,1007.1,0,6,3,2026-06-17 16:00:00
20.0,55,0.0,0,209,16.7,37.0,1006.4,0,6,3,2026-06-17 17:00:00
17.7,62,0.0,0,214,16.7,40.8,1006.2,0,7,3,2026-06-17 18:00:00
17.6,62,0.0,0,223,16.7,38.9,1005.9,0,7,3,2026-06-17 19:00:00
17.7,61,0.0,0,230,16.7,37.0,1005.8,0,7,3,2026-06-17 20:00:00
17.7,61,0.0,0,237,16.7,35.2,1005.6,0,7,4,2026-06-17 21:00:00
17.7,61,0.0,0,235,16.7,35.2,1005.6,0,7,4,2026-06-17 22:00:00
17.6,62,0.0,0,233,14.8,37.0,1005.5,0,6,3,2026-06-17 23:00:00
16.6,66,0.0,0,229,14.8,38.9,1005.8,0,6,17,2026-06-18 00:00:00
15.7,70,0.0,0,240,13.0,38.9,1006.3,0,6,2,2026-06-18 01:00:00
15.5,73,0.0,0,250,11.1,37.0,1006.5,0,5,2,2026-06-18 02:00:00
15.4,74,0.0,0,260,9.3,37.0,1006.7,0,5,2,2026-06-18 03:00:00
15.2,76,0.0,0,263,9.3,35.2,1006.7,0,5,2,2026-06-18 04:00:00
15.1,77,0.0,0,268,11.1,33.3,1006.7,0,5,2,2026-06-18 05:00:00
16.3,71,0.0,0,273,11.1,31.5,1006.2,0,5,2,2026-06-18 06:00:00
16.3,71,0.0,0,264,11.1,31.5,1006.8,0,6,2,2026-06-18 07:00:00
16.3,70,0.0,0,252,11.1,29.6,1006.9,0,6,3,2026-06-18 08:00:00
16.3,69,0.0,0,235,13.0,29.6,1007.2,0,6,3,2026-06-18 09:00:00
16.3,69,0.0,0,247,13.0,27.8,1007.7,0,6,3,2026-06-18 10:00:00
16.3,69,0.0,0,254,13.0,27.8,1007.9,0,6,3,2026-06-18 11:00:00
16.5,68,0.0,0,259,13.0,27.8,1008.2,0,5,2,2026-06-18 12:00:00
16.9,68,0.0,0,249,13.0,29.6,1008.3,0,5,2,2026-06-18 13:00:00
17.7,65,0.0,0,241,13.0,29.6,1008.3,0,5,3,2026-06-18 14:00:00
18.4,61,0.0,0,236,13.0,31.5,1008.3,0,5,3,2026-06-18 15:00:00
19.2,58,0.0,0,237,14.8,35.2,1008.1,0,5,3,2026-06-18 16:00:00
